{
  "firstLayout": "",
  "gdVersion": {
    "build": 218,
    "major": 5,
    "minor": 4,
    "revision": 0
  },
  "properties": {
    "adaptGameResolutionAtRuntime": true,
    "antialiasingMode": "MSAA",
    "antialisingEnabledOnMobile": false,
    "folderProject": true,
    "orientation": "landscape",
    "packageName": "com.example.gamename",
    "pixelsRounding": false,
    "projectUuid": "b3a4c9eb-913a-4206-82e8-40986a94a5a8",
    "scaleMode": "linear",
    "sizeOnStartupMode": "",
    "templateSlug": "",
    "useExternalSourceFiles": false,
    "version": "1.0.0",
    "name": "Snake",
    "description": "",
    "author": "",
    "windowWidth": 448,
    "windowHeight": 352,
    "latestCompilationDirectory": "",
    "maxFPS": 60,
    "minFPS": 20,
    "verticalSync": false,
    "platformSpecificAssets": {
      "android-icon-144": "",
      "android-icon-192": "",
      "android-icon-36": "",
      "android-icon-48": "",
      "android-icon-72": "",
      "android-icon-96": "",
      "android-windowSplashScreenAnimatedIcon": "",
      "desktop-icon-512": "",
      "ios-icon-100": "",
      "ios-icon-1024": "",
      "ios-icon-114": "",
      "ios-icon-120": "",
      "ios-icon-144": "",
      "ios-icon-152": "",
      "ios-icon-167": "",
      "ios-icon-180": "",
      "ios-icon-20": "",
      "ios-icon-29": "",
      "ios-icon-40": "",
      "ios-icon-50": "",
      "ios-icon-57": "",
      "ios-icon-58": "",
      "ios-icon-60": "",
      "ios-icon-72": "",
      "ios-icon-76": "",
      "ios-icon-80": "",
      "ios-icon-87": ""
    },
    "loadingScreen": {
      "backgroundColor": 0,
      "backgroundFadeInDuration": 0.2,
      "backgroundImageResourceName": "",
      "gdevelopLogoStyle": "dark",
      "logoAndProgressFadeInDuration": 0.2,
      "logoAndProgressLogoFadeInDelay": 0,
      "minDuration": 2,
      "progressBarColor": 16777215,
      "progressBarHeight": 20,
      "progressBarMaxWidth": 200,
      "progressBarMinWidth": 40,
      "progressBarWidthPercent": 30,
      "showGDevelopSplash": true,
      "showProgressBar": true
    },
    "watermark": {
      "placement": "bottom-left",
      "showWatermark": false
    },
    "authorIds": [],
    "authorUsernames": [],
    "categories": [],
    "playableDevices": [],
    "extensionProperties": [],
    "platforms": [
      {
        "name": "GDevelop JS platform"
      }
    ],
    "currentPlatform": "GDevelop JS platform"
  },
  "resources": {
    "resources": [
      {
        "alwaysLoaded": false,
        "file": "NewSprite-1.png",
        "kind": "image",
        "metadata": "",
        "name": "NewSprite-1.png",
        "smoothed": true,
        "userAdded": false
      },
      {
        "alwaysLoaded": false,
        "file": "NewSprite-1-0.png",
        "kind": "image",
        "metadata": "",
        "name": "NewSprite-1-0.png",
        "smoothed": true,
        "userAdded": true
      },
      {
        "alwaysLoaded": false,
        "file": "NewSprite-1-1.png",
        "kind": "image",
        "metadata": "",
        "name": "NewSprite-1-1.png",
        "smoothed": true,
        "userAdded": false
      },
      {
        "alwaysLoaded": false,
        "file": "asset.png",
        "kind": "image",
        "metadata": "",
        "name": "asset.png",
        "smoothed": true,
        "userAdded": false
      },
      {
        "alwaysLoaded": false,
        "file": "assets/NewSprite.png",
        "kind": "image",
        "metadata": "{\"extension\":\".png\"}",
        "name": "NewSprite",
        "smoothed": true,
        "userAdded": false
      },
      {
        "alwaysLoaded": false,
        "file": "assets/NewSprite.png",
        "kind": "image",
        "metadata": "",
        "name": "assets\\NewSprite.png",
        "smoothed": true,
        "userAdded": false
      },
      {
        "alwaysLoaded": false,
        "file": "assets/NewSprite2.png",
        "kind": "image",
        "metadata": "{\"extension\":\".png\"}",
        "name": "NewSprite2",
        "smoothed": true,
        "userAdded": false
      },
      {
        "alwaysLoaded": false,
        "file": "assets/NewSprite3.png",
        "kind": "image",
        "metadata": "{\"extension\":\".png\"}",
        "name": "NewSprite3",
        "smoothed": true,
        "userAdded": false
      },
      {
        "alwaysLoaded": false,
        "file": "assets/NewSprite3.png",
        "kind": "image",
        "metadata": "",
        "name": "assets\\NewSprite3.png",
        "smoothed": true,
        "userAdded": false
      },
      {
        "alwaysLoaded": false,
        "file": "assets/NewSprite4.png",
        "kind": "image",
        "metadata": "{\"extension\":\".png\"}",
        "name": "NewSprite4",
        "smoothed": true,
        "userAdded": false
      },
      {
        "alwaysLoaded": false,
        "file": "Assets/NewSprite4.png",
        "kind": "image",
        "metadata": "",
        "name": "Assets/NewSprite4.png",
        "smoothed": true,
        "userAdded": false
      },
      {
        "alwaysLoaded": false,
        "file": "assets/Collectable.png",
        "kind": "image",
        "metadata": "{\"extension\":\".png\"}",
        "name": "Collectable",
        "smoothed": true,
        "userAdded": false
      },
      {
        "alwaysLoaded": false,
        "file": "city-block-top-view-town-street-panorama-with-houses-gardens-trees-and-roads-city-landscape-infrastructure-illustration-top-view-city-map-vector.jpg",
        "kind": "image",
        "metadata": "",
        "name": "city-block-top-view-town-street-panorama-with-houses-gardens-trees-and-roads-city-landscape-infrastructure-illustration-top-view-city-map-vector.jpg",
        "smoothed": true,
        "userAdded": false
      },
      {
        "alwaysLoaded": false,
        "file": "NewSprite4.png",
        "kind": "image",
        "metadata": "",
        "name": "NewSprite4.png",
        "smoothed": true,
        "userAdded": false
      },
      {
        "alwaysLoaded": false,
        "file": "assets/people 2_down.png",
        "kind": "image",
        "metadata": "",
        "name": "people 2_down.png",
        "smoothed": true,
        "userAdded": false,
        "origin": {
          "identifier": "https://asset-resources.gdevelop.io/public-resources/Isometric City Pack/character/ea3403f53b6926a9e878287a0d03401c308319d5bc44d8021f8e0a0b8acb7378_people 2_down.png",
          "name": "people 2_down.png"
        }
      },
      {
        "alwaysLoaded": false,
        "file": "assets/people 2_left.png",
        "kind": "image",
        "metadata": "",
        "name": "people 2_left.png",
        "smoothed": true,
        "userAdded": false,
        "origin": {
          "identifier": "https://asset-resources.gdevelop.io/public-resources/Isometric City Pack/character/827e0f34ab09b0352225ba9560f2f4db6bf3d8122de6edc71b2c480b5cf48538_people 2_left.png",
          "name": "people 2_left.png"
        }
      },
      {
        "alwaysLoaded": false,
        "file": "assets/people 2_right.png",
        "kind": "image",
        "metadata": "",
        "name": "people 2_right.png",
        "smoothed": true,
        "userAdded": false,
        "origin": {
          "identifier": "https://asset-resources.gdevelop.io/public-resources/Isometric City Pack/character/835f4f91574f14ddf07f459afa0a8b3f82ab357b96365a909bb8e1666d7b1788_people 2_right.png",
          "name": "people 2_right.png"
        }
      },
      {
        "alwaysLoaded": false,
        "file": "assets/people 2_up.png",
        "kind": "image",
        "metadata": "",
        "name": "people 2_up.png",
        "smoothed": true,
        "userAdded": false,
        "origin": {
          "identifier": "https://asset-resources.gdevelop.io/public-resources/Isometric City Pack/character/f89ba88b28a75a9b49ed96adddc329efb4bf5b199cfc3cce64e7e86e5194aa6a_people 2_up.png",
          "name": "people 2_up.png"
        }
      },
      {
        "alwaysLoaded": false,
        "file": "assets/people 3_down.png",
        "kind": "image",
        "metadata": "",
        "name": "people 3_down.png",
        "smoothed": true,
        "userAdded": false,
        "origin": {
          "identifier": "https://asset-resources.gdevelop.io/public-resources/Isometric City Pack/character/a1c6ba5ef308d9c219c739b8a0b99bbc96a18c05c6e2a2261fc8a7b44227b5f1_people 3_down.png",
          "name": "people 3_down.png"
        }
      },
      {
        "alwaysLoaded": false,
        "file": "assets/people 3_left.png",
        "kind": "image",
        "metadata": "",
        "name": "people 3_left.png",
        "smoothed": true,
        "userAdded": false,
        "origin": {
          "identifier": "https://asset-resources.gdevelop.io/public-resources/Isometric City Pack/character/cb4201ec82a4e991e37663e862edab1995806d66977e29d722e10a15f3aa5dfc_people 3_left.png",
          "name": "people 3_left.png"
        }
      },
      {
        "alwaysLoaded": false,
        "file": "assets/people 3_right.png",
        "kind": "image",
        "metadata": "",
        "name": "people 3_right.png",
        "smoothed": true,
        "userAdded": false,
        "origin": {
          "identifier": "https://asset-resources.gdevelop.io/public-resources/Isometric City Pack/character/bdda8629d7735238ac74fac9f740e87363b92041209044ca1cb2a75424644d0c_people 3_right.png",
          "name": "people 3_right.png"
        }
      },
      {
        "alwaysLoaded": false,
        "file": "assets/people 3_up.png",
        "kind": "image",
        "metadata": "",
        "name": "people 3_up.png",
        "smoothed": true,
        "userAdded": false,
        "origin": {
          "identifier": "https://asset-resources.gdevelop.io/public-resources/Isometric City Pack/character/575ba8aac8e5be9678ebb5f3e554b1fac16f26675e6c82b36f93658b5018c837_people 3_up.png",
          "name": "people 3_up.png"
        }
      },
      {
        "alwaysLoaded": false,
        "file": "Collectable.png",
        "kind": "image",
        "metadata": "",
        "name": "Collectable.png",
        "smoothed": true,
        "userAdded": false
      },
      {
        "alwaysLoaded": false,
        "file": "assets/Tomato_No Shadow.png",
        "kind": "image",
        "metadata": "",
        "name": "Tomato_No Shadow.png",
        "smoothed": false,
        "userAdded": false,
        "origin": {
          "identifier": "https://asset-resources.gdevelop.io/public-resources/32x32 Fantasy Icons Pack v2/Icons/Food/744250e7b79776a4ded0fba0d2682481db897cbd2f5c6aca438467be196a3794_Tomato_No Shadow.png",
          "name": "Tomato_No Shadow.png"
        }
      },
      {
        "alwaysLoaded": false,
        "file": "assets/Tomato_Shadow.png",
        "kind": "image",
        "metadata": "",
        "name": "Tomato_Shadow.png",
        "smoothed": false,
        "userAdded": false,
        "origin": {
          "identifier": "https://asset-resources.gdevelop.io/public-resources/32x32 Fantasy Icons Pack v2/Icons/Food/40cc10bf45e90ce8355b20aed5c5ae832402982110d9bbf5a48e98f8d89be657_Tomato_Shadow.png",
          "name": "Tomato_Shadow.png"
        }
      },
      {
        "alwaysLoaded": false,
        "file": "BackGround.jpg",
        "kind": "image",
        "metadata": "",
        "name": "BackGround.jpg",
        "smoothed": true,
        "userAdded": false
      },
      {
        "alwaysLoaded": false,
        "file": "BackGround.png",
        "kind": "image",
        "metadata": "",
        "name": "BackGround.png",
        "smoothed": true,
        "userAdded": false
      },
      {
        "alwaysLoaded": false,
        "file": "PlayerHead.png",
        "kind": "image",
        "metadata": "",
        "name": "PlayerHead.png",
        "smoothed": true,
        "userAdded": false
      },
      {
        "alwaysLoaded": false,
        "file": "PlayerBody.png",
        "kind": "image",
        "metadata": "",
        "name": "PlayerBody.png",
        "smoothed": true,
        "userAdded": false
      },
      {
        "alwaysLoaded": false,
        "file": "assets/PlayerHead.png",
        "kind": "image",
        "metadata": "",
        "name": "assets\\PlayerHead.png",
        "smoothed": true,
        "userAdded": false
      },
      {
        "alwaysLoaded": false,
        "file": "assets/PlayerBody.png",
        "kind": "image",
        "metadata": "",
        "name": "assets\\PlayerBody.png",
        "smoothed": true,
        "userAdded": false
      },
      {
        "alwaysLoaded": false,
        "file": "assets/BackGround.png",
        "kind": "image",
        "metadata": "",
        "name": "assets\\BackGround.png",
        "smoothed": true,
        "userAdded": false
      },
      {
        "alwaysLoaded": false,
        "file": "assets/PlayerEatArea.png",
        "kind": "image",
        "metadata": "",
        "name": "assets\\PlayerEatArea.png",
        "smoothed": true,
        "userAdded": false
      },
      {
        "file": "assets/PickUp.wav",
        "kind": "audio",
        "metadata": "",
        "name": "assets\\PickUp.wav",
        "preloadAsMusic": false,
        "preloadAsSound": false,
        "preloadInCache": false,
        "userAdded": false
      },
      {
        "alwaysLoaded": false,
        "file": "assets/Block.png",
        "kind": "image",
        "metadata": "",
        "name": "assets\\Block.png",
        "smoothed": true,
        "userAdded": false
      },
      {
        "alwaysLoaded": false,
        "file": "assets/Person5.png",
        "kind": "image",
        "metadata": "",
        "name": "assets\\Person5.png",
        "smoothed": true,
        "userAdded": false
      },
      {
        "alwaysLoaded": false,
        "file": "assets/Collectable2.png",
        "kind": "image",
        "metadata": "",
        "name": "assets\\Collectable2.png",
        "smoothed": true,
        "userAdded": false
      },
      {
        "alwaysLoaded": false,
        "file": "assets/Collectable3.png",
        "kind": "image",
        "metadata": "{\"extension\":\".png\"}",
        "name": "Collectable2",
        "smoothed": true,
        "userAdded": false
      },
      {
        "alwaysLoaded": false,
        "file": "assets/Google Wallet.png",
        "kind": "image",
        "metadata": "",
        "name": "Google Wallet.png",
        "smoothed": true,
        "userAdded": false,
        "origin": {
          "identifier": "https://asset-resources.gdevelop.io/public-resources/Pixelart App Icons/Small 24x24/6a459c88b2c471d03636f3ab4037da78285fe348931a2a79c3dd11a01a7eecbb_Google Wallet.png",
          "name": "Google Wallet.png"
        }
      },
      {
        "alwaysLoaded": false,
        "file": "pexels-pixabay-236722.jpg",
        "kind": "image",
        "metadata": "",
        "name": "pexels-pixabay-236722.jpg",
        "smoothed": true,
        "userAdded": false
      },
      {
        "alwaysLoaded": false,
        "file": "assets/pexels-pixabay-236722.jpg",
        "kind": "image",
        "metadata": "",
        "name": "assets\\pexels-pixabay-236722.jpg",
        "smoothed": true,
        "userAdded": false
      },
      {
        "alwaysLoaded": false,
        "file": "assets/ground grass_damaged.png",
        "kind": "image",
        "metadata": "",
        "name": "ground grass_damaged.png",
        "smoothed": true,
        "userAdded": false,
        "origin": {
          "identifier": "https://asset-resources.gdevelop.io/public-resources/Isometric City Pack/ground/a897f301b8689c13ee3c142f560c7a34ae68a7308a4e5ebee07f31b4a5a11a8b_ground grass_damaged.png",
          "name": "ground grass_damaged.png"
        }
      },
      {
        "alwaysLoaded": false,
        "file": "assets/ground grass_normal.png",
        "kind": "image",
        "metadata": "",
        "name": "ground grass_normal.png",
        "smoothed": true,
        "userAdded": false,
        "origin": {
          "identifier": "https://asset-resources.gdevelop.io/public-resources/Isometric City Pack/ground/b4d024bef7ea7256f042ef7baa704938de80cf9f047fba364c2401c74e571f50_ground grass_normal.png",
          "name": "ground grass_normal.png"
        }
      },
      {
        "alwaysLoaded": false,
        "file": "assets/ground grass_puddle.png",
        "kind": "image",
        "metadata": "",
        "name": "ground grass_puddle.png",
        "smoothed": true,
        "userAdded": false,
        "origin": {
          "identifier": "https://asset-resources.gdevelop.io/public-resources/Isometric City Pack/ground/2c8ccef3f3974f527893a0c8d3d7a699da2d944d04bb3c11126eb29e45cbd1e6_ground grass_puddle.png",
          "name": "ground grass_puddle.png"
        }
      },
      {
        "alwaysLoaded": false,
        "file": "assets/factory-bg-pixabay-1080.jpg",
        "kind": "image",
        "metadata": "",
        "name": "assets\\factory-bg-pixabay-1080.jpg",
        "smoothed": true,
        "userAdded": false
      },
      {
        "file": "electricity-zap.mp3",
        "kind": "audio",
        "metadata": "",
        "name": "electricity-zap.mp3",
        "preloadAsMusic": false,
        "preloadAsSound": false,
        "preloadInCache": false,
        "userAdded": false
      }
    ],
    "resourceFolders": []
  },
  "objects": [],
  "objectsFolderStructure": {
    "folderName": "__ROOT"
  },
  "objectsGroups": [],
  "variables": [
    {
      "name": "Controls",
      "type": "structure",
      "children": [
        {
          "name": "Down",
          "type": "string",
          "value": "s"
        },
        {
          "name": "Left",
          "type": "string",
          "value": "a"
        },
        {
          "name": "Right",
          "type": "string",
          "value": "d"
        },
        {
          "name": "Up",
          "type": "string",
          "value": "w"
        }
      ]
    }
  ],
  "layouts": [
    {
      "__REFERENCE_TO_SPLIT_OBJECT": true,
      "referenceTo": "/layouts/game"
    }
  ],
  "externalEvents": [],
  "eventsFunctionsExtensions": [
    {
      "__REFERENCE_TO_SPLIT_OBJECT": true,
      "referenceTo": "/eventsFunctionsExtensions/shadowclones"
    },
    {
      "__REFERENCE_TO_SPLIT_OBJECT": true,
      "referenceTo": "/eventsFunctionsExtensions/snaptogrid"
    }
  ],
  "externalLayouts": [],
  "externalSourceFiles": []
}